title,price,is_a_bid,link
"It - Paperback PB By King, Stephen - First signet Printing",0.99,True,https://www.ebay.com/itm/314171739749?epid=476974&hash=item4926184e65:g:aDwAAOSwvBpjOgRp&amdata=enc%3AAQAHAAAAoBEhyDyxPxXkIrxBoRG0mD2SSdXhQgmhbwpgHBSbSiTtvC1ue6BomlR06j5d920OxVPQ9u6Mjdu3OokQvW7gcXF36CMFnplycMq7Z8ISzyVntixytNSHrGdfK35IObIcoukxV6k53PLTGNOlUJfyTNV%2FpTZ2LhlSWbWykaV4%2F%2BNh57cg8fHXO0beS3CwOWZVicPjzvG0KWpdBt62vvg3V7s%3D%7Ctkp%3ABk9SR5r-2Zv1YA
"If It Bleeds by Stephen King (2021, Trade Paperback)",1.25,True,https://www.ebay.com/itm/115543921104?epid=17050415614&hash=item1ae6f451d0:g:PlkAAOSw4rJjNOnn&amdata=enc%3AAQAHAAAAoFq79jb06ar8TdRtXZK8RWXcBBoMcJ6mz2cW03g4em7Xaw0xC%2Bgokz108Mr1drp%2B2A%2Fz2waXpc%2BgOUzwj8tjmevRvaY2iWkJWQKZQ7SMVgr1qiSsq%2Bik%2F%2FwhcDtfHnE8ucr%2BySQZDEyxRq2m%2BMsTvFSsXLWrDKT1yuJWw38bNVjIGEfBJ9OdbMRetpTBXqCB8flMeTMCobk8wGiePUux618%3D%7Ctkp%3ABk9SR5T-2Zv1YA
"It by King, Stephen",5.0,False,https://www.ebay.com/itm/194531159219?epid=2177591&hash=item2d4af5ecb3:g:PiIAAOSwLulf~nAv&amdata=enc%3AAQAHAAAA4E2Ri%2FrlOUqMDaN%2BAmo3DeiVv%2Bb2VfgjNzCD5SEbBeQRbhxC8jNAfChwm%2F9KrSIRUwMCsJPE6ZlTX9lIAr4frDidfN1Pq7hUibr0Bt1xZ7cxNfYyX1YMPeKlwTwAM0EaEPO9GfqRFz%2BIM1sFXT%2BCyDYAZTVIL1K3yuNhoBzLOScAZ0nb2Melvtzttivh%2BdWc5nR%2B8jbkDs%2Fqd44Y%2BQ5ow2uwolX3r3D8Wt4KZ6jzhWafttldHxxakQ3SSIdsdFkPMNufBbuqzbGb4PJXtPxFJ5ctRY%2BF%2BkQY515iBDxE5klO%7Ctkp%3ABFBMkP7Zm_Vg
It by Stephen King: Used,5.82,False,https://www.ebay.com/itm/284924426413?epid=228590646&hash=item4256d1b8ad:g:RSUAAOSwGkhi78Ri&amdata=enc%3AAQAHAAAAoFZwF71SsqRwHd%2FnIwvB6Sb7B6t5V49%2BYerJvEN6icvXohmVwZ%2BH29478S0Mw9SR60FYCCqvu9VbdqYGePxCgTX8CnZMR4ZfQfbrNWmHHGsps8SdZrc7wkE5CZ5I9XJcpN%2B9dScCXSagNmx6t75NTHcwj3EXytOew8fm9Foy725d3JoMJnlh7YE9rQfCwNmZ1xleeVGkqsy7gbDUkCA3m9o%3D%7Ctkp%3ABk9SR5z-2Zv1YA
"7, 1st Printing Stephen King Mass Market  It Dark Tower Gerald's Game Wastelands",6.0,True,https://www.ebay.com/itm/175434097982?hash=item28d8afe53e:g:5HkAAOSwwJZi~pt~&amdata=enc%3AAQAHAAAAoHZF7%2BQs660905UG%2BJNdRHRHW6ZKkQbPS0HcdRM%2FEmZ9WXtO2ZqyYjlm%2FdM6m5WUM9I1wQgkKR1HKEI0m6ZMM2kmo3dz82vBYeRmbL30JwZO3ZlFkM%2F8FYDgNw1efBmX4o6QfMd5KP63F6avk6ALRiO0yDpSP9mrWu%2FJNUu%2FnhhrwbBAlCPhT7oJDwcPPGCEQX%2Fhn4Lc0a04KmLILtcOh%2F8%3D%7Ctkp%3ABk9SR5j-2Zv1YA
Stephen King - It - Softcover paperback - 2017 edition -,7.35,False,https://www.ebay.com/itm/325348587173?hash=item4bc04976a5:g:ae4AAOSwuZZjAOp5&amdata=enc%3AAQAHAAAA4NU2nJMvecSxwRWDakTXGOoQyGVv0rUH0jLqhis%2BaI1%2FWTEQBXrzYxttwq6vBM6WMQ3sFXf6q4wF6yesQXjWBkCZwNKckqUyKxV3zpH2IMA3BuclKuDVF87b3TTrGfPypKgVgN%2FYUsYNkdAxPI2dqn8yn9Czod6u3JJG%2B7f6Q9oizv2LwEAtfKBu%2B7ThgLPgFEPEfIk%2BBeHtbtIK8Cmzv78OpfNHoJ0yU2nFyesmZ3GRn%2BagR0haaVGkUD9EbaTx%2FtERzi0ZDeMbC3OstM9r6h4%2B0XQ5oQpaWxD3FLPhN08a%7Ctkp%3ABk9SR5z-2Zv1YA
"It by King, Stephen; Ury",8.0,False,https://www.ebay.com/itm/374032726595?epid=121599083&hash=item5716167a43:i:374032726595&amdata=enc%3AAQAHAAAA4OUArunkXrHddzu9eRfkHhNxddKfFK5JzW38tDCRPKw%2BGpODCpHhS%2BIykh5U%2B7ZDUtwoxSmZF19sjC%2BmJKjSnh5u7yEgibqFrejqrk1WS4Ax7pBN8l9G7gdAI0Kw4D69DTiNJLcg1q2cXMf3%2Fps6HmTuiOeRZ5t9c9KTmziJNyOWAHFmo4nw%2BIefq5VNfcpFWNdyWcLbilOWptzHKGvWWXy0XB9ft3A85uzUYreERlIbxxpXKja90b4jZRuRrmyzFXFVuqnlvU7LmQsAaCFOyXeQe87qZit9YiO9lvuOnUf5%7Ctkp%3ABFBMnP7Zm_Vg
New ListingSTEPHEN KING - IT - MINI BOOK COVER ART - DROP EARRINGS,8.42,False,https://www.ebay.com/itm/374292163235?hash=item57258d2aa3:g:fMkAAOSwPAdjPcBP&amdata=enc%3AAQAHAAAAoLahVgS%2Bs0gYTT6P18YEBBnJ5stwJY9pGbDaTprrXF3du9jeveDsNT67xxj9aq6dOdYuONMKG3eMnnJn5e6I%2BDNVhobB24dPE9IRmfv1dV0AdIwLhuVNAtez3JP5Tcx7IXCzT1AleBtsG47fpkUay0IYwfQbKZ6uUazcd3dAXfDxP5d%2B71Y4FzTNypeHoCzZoVr94GyL0qncGhYmfJ5zcuw%3D%7Ctkp%3ABk9SR5r-2Zv1YA
IT by Stephen King 2019 Paperback Horror Book,9.77,False,https://www.ebay.com/itm/325329202861?epid=27034407303&hash=item4bbf21aead:g:W78AAOSwGVRjE1Z7&amdata=enc%3AAQAHAAAAoGFBfakiHlj0JvvmLCi%2B%2FCR2aaK4XGZRMcV76l4GSoPRWOwPBSyC2LFW%2FT6qOZnl3G7l%2BMnMzDPQHNWZ3k6nT4Pab4wZGsWlReWXTGHbhcQVt1utHPGTk9qH8Wtz1aWpW80QKb%2Frjo4%2FiRZFoKlpCdD9iDx14AqQnOtEYLuIUBl4kIlGZZVTjlzOa5MQiVQAY5SLBRNYjS3AsiJ9sW9LVLI%3D%7Ctkp%3ABk9SR5r-2Zv1YA
New ListingSTEPHEN KING LOT OF 6 PAPERBACK BOOKS,9.99,True,https://www.ebay.com/itm/125547750062?hash=item1d3b3aa2ae:g:6YQAAOSw0GVjPYvf&amdata=enc%3AAQAHAAAAoHEi%2F0zjs5UEMAkeo%2Bc9ZhSRmTmDBv%2BmYQlzMLhLo%2Ff2SRDBYGh0NRpAUwVql%2FVhlDWCLU6pW%2Bmyc0Zr758rqxK3ROXwheuxMIFPxDhyYnTHtDrJA8CBgshNWfJ8awDV9o5PsoBUXmdZ%2Bzr7mudUbKzWFieT4i7pTIMq9UAFdCSsKQjgMsD8O3fdpQLLkPj%2FmVIAHxCBS72lWXkEvue9EPI%3D%7Ctkp%3ABk9SR5r-2Zv1YA
Thinner Stephen King Writing As Richard Bachman 1985 First Signet Printing,9.99,False,https://www.ebay.com/itm/225184140175?hash=item346e054b8f:g:CAMAAOSwtlNjNghF&amdata=enc%3AAQAHAAAA4PHrPocIMvQEzq%2BYyZ%2BRs5nQWpOU8YVDY3omow55QnrXM0f8NeZWWNI50PQp%2FYvRTXr2x5dsGULo1MVbfGFkJ5NInH8s25VQZgFozanpcwTXabHaG5uA29Y0StYKKZO5AsWEVvAm0qfn9GT%2Fe4G59Lg52RJ3gfiOOwEORGlJRzzXWSWy2%2BfmiDtzzDHbFc3sZPr0Z8gWzOsYTEh1mVj23v3OiymulT6AvmE3W6GA1zkqSnTXeeoiRI1BQ468eBoLaCBVmm18xA%2BUDggGWEUqB9v47ib%2BrIbQoQ8IjmFDD1r8%7Ctkp%3ABFBMnP7Zm_Vg
Hearts in Atlantis by Stephen King 1999 TRUE 1st Edition 1st Printing ,10.35,False,https://www.ebay.com/itm/354286354862?epid=423191&hash=item527d1cc1ae:g:4PAAAOSwjQVi1Zqn&amdata=enc%3AAQAHAAAAwLzTES0bEV3tjSHBLkHNu0YfwGttBMca94X4cHq%2FMeHRoFIg47GUzjiHu8gwYQoAUXF%2FFdfNOOVCVFMBDpHlRy9X4isWutIgWESDIDEIc54DfbBrj8fRvYiNyccTndZwz%2BPEYoGEy5l1WMKt0O1YmaZw12IzVgX54Xra74kq5hkHcUYOa7WasS0suZECjWKSR1RKtIPyevNuSZEdlKGC2j9%2Fujj530k0XG5LvPfRxz9GvBIYLxUFdqPNZDAutpLSFA%3D%3D%7Ctkp%3ABlBMUJD-2Zv1YA
Stephen King IT 1986 Rare Mass Market Paperback,10.49,False,https://www.ebay.com/itm/403905133259?hash=item5e0a9f3acb:g:z5gAAOSwcbZjK6um&amdata=enc%3AAQAHAAAA4Mm6Rfk2pYVpsTiFKsST%2FIHLLa6mragw3J%2BV9VBy6P6feUCY1UnIkkDDv2gzEMz2tRh0ufyjjLrOtXv8ELOPPgabgON2GssNyg97bzZuk6Xv26qdhvtQpNUerAXISh4DlUXAjTasDIIYF6Rpm46JzHHEK5GV6BFVd7ytgOkCG1dWXyWWy9Zqz4og8NcDZ2BCYozPc5yZl%2FO%2BMe0eqaj7M7riZ8OIFkxWb7bQsdzH6s5H%2BB1Qko%2BRh5TKCYVZ4RjY1n0UQ22QzOPkXuPYCoZJJhnJHz3VHLiKgu805Eew0cZ%2B%7Ctkp%3ABk9SR5j-2Zv1YA
"It by Stephen King (1986, Hardcover)",10.5,True,https://www.ebay.com/itm/155184558314?epid=490966&hash=item2421b870ea:g:FBQAAOSwfGhjNhXh&amdata=enc%3AAQAHAAAAoICt0iSLOGAcdIMri5%2B3Yo4e5gmDfaH0IzcHEF7KC5YbtLCN0MRspa6b4%2Br3HATWz%2BfnkvQxoeT8OwQ%2FJM71aghBirZVTBM%2FWG%2BRuxzNS2%2BNFUddKd27RBa3YYBsfXm8zwbizp725%2F0iA7%2BQ6oWxRkb8vGvRIgVDy1PkHGRPdwoOIMOccayrPMpfPFMRomFPyxMjtH8O%2Ff2sD6QIw58WKvA%3D%7Ctkp%3ABk9SR5D-2Zv1YA
Stephen King IT Softcover Book Signet Novel,11.74,False,https://www.ebay.com/itm/125294857394?epid=476974&hash=item1d2c27ccb2:g:JvAAAOSwgJljGsFb&amdata=enc%3AAQAHAAAA4JJBaXZ5P%2FiOmXTz9pwscfPmyh%2FP3IwmZZXNfUF%2F6aXR2qas8c7%2B16NfNbOyw23CUQ%2FJOARuEpXT0J%2FTvYQklYBAxPKNSsv7xJXq6SazZ1glO6pMXsgBQs65Lf1zgBhrKVoL1LshqrdKXGJ%2BV8MCE6MOxs0NBYI0hRARRnyR3FjSnpV78BM1cjNBpBqu1DAV%2F91WJDdjpP5Lrhb%2F1f0JyrKLWJbfBh7%2BPFTMqFgzJhS7pdS%2FeGSN1t4VM2%2BTIfNMsiaLXqtOSrpcZnrEMc9%2FYpo3kPyWV74KcVvwl2wKbGxc%7Ctkp%3ABk9SR5b-2Zv1YA
"It: A Novel - Paperback By King, Stephen - GOOD",13.04,False,https://www.ebay.com/itm/254568877585?epid=27034407303&hash=item3b457cce11:g:2bAAAOSw~b9hAryK&amdata=enc%3AAQAHAAAA4EfJJufcUqj0rTJzdZRG46r4858PPdmUITdZD1fhICKcSohYguKma1JRVoLVBFRqV%2B8q3m69mlppUn1npSk4d90q5rdTUXOl90PitLWikz5UN6OsTbP7RIywBZnDCM1KD%2BfZM%2FU2lJiHMKB%2BFfob1svfVRKjUZdrlMNAXwHuLpu7UBsQPU0VQYpNicUKyJ84tRNaG0R3LTC0e8tcd9ZvPYy98azZ5zjkqm3z7yHyHgNjR%2BEbGQ73vJImOs6K0x3UPVCCO375iYT2cDLm3PRYWBeNmf3gs7z5smi2XHlouQVC%7Ctkp%3ABk9SR5D-2Zv1YA
Ça #1 par Stephen King Livre en Français MM PB It in French Book Horror Clown,13.97,False,https://www.ebay.com/itm/334330796674?epid=116174387&hash=item4dd7ab1a82:g:joEAAOSw5iJiBt1c&amdata=enc%3AAQAHAAAA4HH6K6357CQABm4%2BuSSM8NQUjwhCDEdZ9iQ%2BZeo8%2FVtOwJQJA3ggztgTEwKfY%2F%2FNBnRd8oW%2FzXrFKzy%2BwBd1x4Xn211gu35C0s51DjJA7UxBcOQfCbjlfWpiPK3ESLbBoosZAwqNtXIML7DM2T5%2FjwtRnLmSHDOY5IMb43i3w2ObFUGG8hqD9zkW94KEqWrPuriUe%2F%2FwLFTvvub7EnYtDeZggb4av20Ntc8FerAnwXf4f93FosdiwZh79YlNZZ%2Fj78IzeMjDMlVh6uIc9zNge1tnJUuIVJFZ0nmjke0RUkQ3%7Ctkp%3ABk9SR5j-2Zv1YA
"It by Stephen King (1987, Mass Market) First Signet Printing",14.9,False,https://www.ebay.com/itm/225170436682?epid=121599083&hash=item346d34324a:g:BSMAAOSw0b1jCWvK&amdata=enc%3AAQAHAAAA4F0GToqAFiVI8iIBr9UTt9Q7V6J7uSQvZiZRJsYwfp0scyV0G%2Fd1ktSemoidyn85I98eaTBLqsjWhp%2BDVwOdV5ajXvOUt6Au9Bz1K7byZKbwNaNYSPs84c8ylR47XfmYYKL3vVt3FlXK2MrjqfWLbC5o1yighMUkMYcrsNPo710g%2FoXQhLg9p6B%2BZAwnV%2FOPAwlqY4DjTPqtiwNoYQSAsRlyclx44lR2aD9XqqjWMbz1ihHdIan9wW59VCH4pQw40%2F%2BcX45A1UoPbrWKE7WD6BD%2BPCGtEjOSVbOJuwHp69Ff%7Ctkp%3ABk9SR5D-2Zv1YA
It by Stephen King (1986 Paperback) ,15.0,False,https://www.ebay.com/itm/185584227722?hash=item2b35ae958a:g:SNwAAOSwAhBjJfrK&amdata=enc%3AAQAHAAAA4P8e2ZT3Zpcy9W42NPVGzFV2GE%2BtttEPkBR9cntsqGDuEl5cgpLwTPwbJvHGm6pWnSpWz6YmxSYhXOkdYoWTLBxlomLtyCv9NM1OsYCTDUUwZxnWZqPvDe8UPH9lxe5Oio2JosftpXJHKNlkcmRAnzVmwkemwA5%2FTCwRV82iXFEo3xoaNLE17KwqSCrTI%2BpmTNxTqx%2B4jCp2EIg06x0sgiR6gAC9vfUF7xT3gbw0ISwlkWhvDmNV0qYyxO0i2EORUVfcgIfdsIwnkHfCqVE6sp5gwWDSYOpJuk2AtWKuiSga%7Ctkp%3ABk9SR5j-2Zv1YA
"IT, Stephen King (1986, HC/DJ, 1st Edition 3rd Print), 1st/3rd Hardcover",15.5,True,https://www.ebay.com/itm/255754530366?hash=item3b8c286e3e:g:qwsAAOSwyYtjOG~0&amdata=enc%3AAQAHAAAAoA8%2FFVgbfmkEkkp6JvbUHcSn1iKEgDZ8a%2FyOel7XY%2FQ4EHmbgxKT5GVCb4mgWhRGAzWexQ%2FkdF93I%2Bg8aeDURtc1VuS8YvpdcirTu18RAXT%2FDmFMHrl1t0CPUKzBueslRhn%2BtfsgzOU0DoNFzI8DNbyOgVlWiXz%2BjpNPYCmGeZxdStUi9cHdcik4SO%2FQEP1oAuvfIvTtzb0cYiIC2%2BA2uBA%3D%7Ctkp%3ABk9SR5L-2Zv1YA
"Stephen King - IT  and  THE STAND The Complete Uncut Edition,Hardcover 1986,1990",16.95,False,https://www.ebay.com/itm/265855885482?epid=150278&hash=item3de63ee0aa:g:imIAAOSwSlZjC7JB&amdata=enc%3AAQAHAAAA4NHYVltnRJY2DeWqNbummG3Pq3%2BKXS%2BTRiaM9XSUv%2FJwRTmW9%2FuC%2BhxalacqMJDUYwyH8wRPR6den%2BHG%2B2M7l4FKp4PPctukBgRgWBLedVB6nxWK45%2FhqGDS4ypuH5dedPLq68qf1eOr5OwOG6ZBQkvoWLJHey1Y3%2BynhFsYpISv2Hr3UpRgTwMGvlyc1mmMmWeT8lGbCUggVyvE0ggLJT0v3Ox7j14R1xhKFD89dbgCbZKmw0rCuSDj8ytl2muuel2X3r%2Bu7Pf1IHE9ytEkZSHHPx3nMgQEdTYu7AiUBl36%7Ctkp%3ABk9SR5j-2Zv1YA
Stephen King It Paperback Book Signet Horror ,17.15,False,https://www.ebay.com/itm/374241929790?hash=item57228eaa3e:g:pDoAAOSwU0JjFQYs&amdata=enc%3AAQAHAAAA4BIyFxUiHmikSlTN341TRuLakPlnPBOTN%2FQHSFgJnZMdOj6T4IR7DDAq74f8pPFWnjAsRBodY0YbzrkdENjY2cX69rEM66%2Fn1UXpzySIOodAlkj%2FTB00SGtF5C8vjkisGUTBlWuJ%2FsuFRGbZV8k8FJqFT9UrNE7fOuD8QRVkW90EdIJhr7JBnZ2o8sxGatF6v3xy0j0MR%2BVQ%2Fmt7Opr7MpVgJv9I7KH%2FgLWLGWEmh63fnn7U%2F3ioXhKBZcWgifl8of385OaxoTV0PgvvqDsedaNKQ1vCfZz7jk6mpL80cKnC%7Ctkp%3ABk9SR5D-2Zv1YA
It By Stephen King. 9780340951453,18.02,False,https://www.ebay.com/itm/312444887858?epid=1300325136&hash=item48bf2aa332:g:-AwAAOSwYm5fLzLf&amdata=enc%3AAQAHAAAA4Ifsy06Khdqpqi6eW4FdoiRkINQZdkZdTxGsDbLUy%2BIVJB8I8m1T0%2BEX7bQcAOatfpLc769s5hG0BVp9Bu6SP1IipABHF3tf%2BPLGzI4rt7VbaPNl8EtyRGPgBn1AYo69FKN9kdr16Ydr%2FfVjXyCuljeRcd3AdKY7P8vyOwBmD6VXTnXr0rpCSizvyS6xVhUN0Y6TLhOa3bAn4JaI%2F4nFzodzNvkb3i%2FZBIjmbXKcxaroCC5PKysQPtAza1UaDhjuysaTxJKIWFIumFFR2LqjSYhWmp%2BkqDMrwHpN4o%2B%2BK2Hs%7Ctkp%3ABk9SR5T-2Zv1YA
It: A Novel by Stephen King (English) Paperback Book,18.79,False,https://www.ebay.com/itm/383051924721?epid=27034407303&hash=item592fac84f1:g:oKwAAOSwBcljPdYX&amdata=enc%3AAQAHAAAA4H2ndYUy1sF1aK2NEhXkgqY451ozCDq%2BsBrPKLfS%2FuVrxCDmsXHSjq1tveIG5zgF%2By4UwmZuPfB5u3cd8Z7eqVz80gq4t2COYVGjTsKaMdh1o8Zy5IVz6k1dofGD8Bns5tRpw0rZuQKyfdPxcgVw3M5i%2FYaLxIQWE4PLLmhYcaYbJ8cuZNCVDsNQN3C2wl5TPE1V0ADZb83oM%2Fyr%2B04QD1slM1N25OT%2F1BR%2FRYq1KHf4gRaeBslq3VUXAVtXKrgnpIP96l%2Fu6R7vUW23dlfarpR7pvAqy%2Fr54gFfwiTCN0Vg%7Ctkp%3ABFBMlv7Zm_Vg
It (Eso) by Stephen King (Spanish) Paperback Book,19.46,False,https://www.ebay.com/itm/392453997113?epid=20038428146&hash=item5b6014c239:g:4q0AAOSw9pVjPdGS&amdata=enc%3AAQAHAAAA4DabqheYHep115THjW64gaBFRfmQvSujrVUY%2FuFjI39ZjsmMhogClzr%2FRaDV%2F4TnOyhS9Gz0KsFGn3ck1cDT7Sz6IqG7%2B5yBBfQOT20kKh7cKUp3WxsM%2FgGR%2B2mCI350oUD4XCzqSWNscuWFAbKBaEMjO2CF3A2iBpkyMKwLquk7Dzl7ylANP9OI0FRcM1I0m8NQxwcV8aNtc1vzzfhDMPb7BJ4fSi4itHzIZJi04STLO2SQtudBNVpj7w9NYW9%2BNv6WNSm88%2F%2BM2mbJIMsev4XAytZ635FPf5f%2Bi0rmRjYr%7Ctkp%3ABFBMlP7Zm_Vg
2 x Ça Lot Livres #2 3 Horreur en Français 90s par Stephen King It Books French,19.86,False,https://www.ebay.com/itm/334548645804?hash=item4de4a737ac:g:4McAAOSwjZpjAois&amdata=enc%3AAQAHAAAA4HgWIcjrpayOSy9H3YotuNHLoxhKbiLDTeWN1SRgetK8tInfcWFMXLABnmHlmN5rk0AiZPJSotYQhUdfYQd6m87BYsIhEqxxFJZtszKf3t26p2P%2Ba%2FjCDvacK%2Fl4CahBT0Y2CwvN3SJiBcz5Xh9uDYDqqAJIauuZ7nbI1NiuyNxHgTelYtQ9xn2Pa0qsaYOK%2Fq8hj7vXij5jX3u7zdRiJpvhVmfrSqd4Q3fkwxc7ph2ZWYkyYXOphhwLgmp4N1bho7kG7m0UxYpUFuBqzO3Xc8CKfzRcpbK9bagDhNXuqtBY%7Ctkp%3ABk9SR5T-2Zv1YA
"New ListingStephen King books, It & The Stand 2 book lot trade paperback (B)",19.95,False,https://www.ebay.com/itm/185605943514?hash=item2b36f9f0da:g:VkMAAOSwsOZjPKXK&amdata=enc%3AAQAHAAAA4PFG1X6nc8qInAdfNjnIoA%2Basuh%2FYQGXDKcJNtHnpwig01xuYWm4CWrqqyjHy053sxt0gkI1NinRTqPJiL4OqWqTm13pWlHz%2FCzMMPq7CTqRBLRkH8nrAJkH8tOcFe7CHL3Q3rsEWYwb7JYlBQXkp1hQAIkOx4r5uh2as0fLlrRsvz8BOlJEA2Pz%2BdOzsnOhZLwuX%2FLd1Ye9iz428R%2BQG8Xlzt8zkLIqcRtvtfdOLpT%2B5f%2FDR%2FfdLePGPAQI7aaRPihf87tC8T3JXdOmL2ySpzuxPWqYiHgBwotk8XHD34xG%7Ctkp%3ABk9SR5r-2Zv1YA
STEPHEN KING  1985-1995 Lot of  7 (IT~TheStand Complete & Uncut+) - 4TPB 3PB GC,19.99,False,https://www.ebay.com/itm/185594823886?hash=item2b365044ce:g:QNwAAOSwVTBjMNJz&amdata=enc%3AAQAHAAAAoAKLq6Nk4A%2Fi81tMr09Y2u9F33WKVBJy%2FlSPnpytDFN8VTWDJNrhUd4kqxe5LAW2%2BwD3ltFVpOLzzysBX8kmGs0154u1mnlOLHxKPp%2FkzHTLhfdlrWk0Du5Zm3jNPwc9j9vfDG%2FjmJN4J%2FgHXTCm1fV5MlEGKUWBeWz688qsBr2FH%2B6voKGUKmJJmZ3K%2BnkcCgIwKhK%2B10A3N26FRBETymg%3D%7Ctkp%3ABk9SR5T-2Zv1YA
Shop on eBay,20.0,False,https://ebay.com/itm/123456?hash=item28caef0a3a:g:E3kAAOSwlGJiMikD&amdata=enc%3AAQAHAAAAsJoWXGf0hxNZspTmhb8%2FTJCCurAWCHuXJ2Xi3S9cwXL6BX04zSEiVaDMCvsUbApftgXEAHGJU1ZGugZO%2FnW1U7Gb6vgoL%2BmXlqCbLkwoZfF3AUAK8YvJ5B4%2BnhFA7ID4dxpYs4jjExEnN5SR2g1mQe7QtLkmGt%2FZ%2FbH2W62cXPuKbf550ExbnBPO2QJyZTXYCuw5KVkMdFMDuoB4p3FwJKcSPzez5kyQyVjyiIq6PB2q%7Ctkp%3ABlBMULq7kqyXYA
Stephen King Paperback Lot 8 Shining Dead It Zone Green Mile Stand Bones Sunset,20.0,False,https://www.ebay.com/itm/394198963789?hash=item5bc816d64d:g:yLMAAOSwR4Vi9bb9&amdata=enc%3AAQAHAAAA4F9Tl4QBBfEsw9a2OSqIzntrE8KbRlENaBDrcX2ubBp1WNkguzWrrTIPnW%2BD2i2tLf2ggT75DAqubWO0gegHzF522HY0MVdT4ZmzQNk5ZzsZjyxj70L9rErEgV1h3sDTzcRCK7c42uaczhKLokhHCK1EI4wdL5fUjQ3VQu8B%2FjjgCatcQk5P%2BrZ%2B%2BNAqb7I9DXYeR76RG0wHBHL7iZG%2BcxGGgoFzxjSBZ2I7kNR2%2Bx%2BenUbcgH72mbO%2BNeNWN63dZMbIrZdxV5EU2c3gtm3kR4wwcXSnDPGqENPNGbn3L1F7%7Ctkp%3ABFBMlv7Zm_Vg
IT by Stephen King - 1st/1st Signet Edition Printing Vintage Paperback 1987,24.99,False,https://www.ebay.com/itm/155176332678?hash=item24213aed86:g:~esAAOSw6LVjLhbP&amdata=enc%3AAQAHAAAAoAmYmy3Fy%2F%2FL%2F1Cx0dQgtZ2dTkI8tjNNcxM5NAoTgdouOlejVAkzzP2ouq70gavrRoitdNhCvq3zwmUqf9U8Q2Cb1NesF0LTklYneUsipt%2BhD1Bt3YGAsXHHIfjIyHV7EIKU2cigroW%2FhBPwJ6pbbkuerbNBkEj3e4jmC7obN3bnYUezshD5ae8kPhV6WPV0SQ8uw7uMfu29oJqrVHDE%2FuQ%3D%7Ctkp%3ABk9SR5r-2Zv1YA
Lot Of 5 Stephen King Paperback Books 90s Horror IT Thinner Night Shift Misery,25.0,False,https://www.ebay.com/itm/165684240923?hash=item26938ce21b:g:T28AAOSwT8FjKQBG&amdata=enc%3AAQAHAAAAoH7WGmbCLN18SxrBj%2BDIyjmoX2us2OTEDfIiRETMRGNU8FsQtpM5sh2qb0byU50vyaAnw7xv7FRuFAxkv4v0%2FTC%2FUo6GCpT2EwSuFDeEKjitG1XpHt2DdK8zVyNgSa59ZWA43iIm4owftvuAQyuO%2Bp8xbevgpyVkUa667oSL6z1b%2FkQUgXMO4rrDaJdl7R7dYsjpAcQ1rP6JKRjSt5GY7NY%3D%7Ctkp%3ABk9SR5L-2Zv1YA
"New ListingStephen King Novels, Lot Of 8 The Shining Stand It Four Past Midnight (N)",25.0,False,https://www.ebay.com/itm/185605921121?hash=item2b36f99961:g:EiIAAOSwdG1jPJ-G&amdata=enc%3AAQAHAAAA4Bsd3lMmF%2Box15NOLgDe6%2BMji13q4eLL%2FARQyUoG0%2F3v1OLNJUhVpTfeCgKyBtCxqf1HsEVAw1yzZ5lRwKDZ940cDapHR6eyTpCMw%2Fc0zFNcXmkxeDRGrWMEecfzm3h%2FHu9ECND0CCDu8A7PtZ6L8cnMNqJXskLa4cG1DzUF4rSuo%2BnA9VGcY0ZwfLBcEy3pVS47jUUcJ7%2FyLQtSd4N72xyhqMDvGE4oIhml2jOEIsoOuUILUJAamDvkq0oLgzF0lBXLwbk6%2FsuLUZy7v45Z9wKkbMhciH9KmyNex6HG2dhq%7Ctkp%3ABk9SR5b-2Zv1YA
It by Stephen King,27.95,False,https://www.ebay.com/itm/293674784789?epid=490966&hash=item4460619815:g:So4AAOSw7wVfJ8Pz&amdata=enc%3AAQAHAAAA4JYRVpBXx35Zld05IYZ8BbUDvQd2jfr%2BaLhPSXCPvbu4SB7X2YXcr1wRg%2BtjdyhDk0D0%2Fom%2FVhanVZi%2FF6mI7ImGypYSxtH%2F3DHVt%2FnuHgsWRKJTCPj9wAn%2BFpX9ZaSl4DsVaJ3%2BWsbLJ3lQluMFrd9gXuIOEp%2BztyfdEd1hxch5%2FgZCUTXlok8gG50ONYNcv2D%2BOxFtOeLzNKkFc7zy99%2BB9KXr9YwvNs%2FV4fS8o%2B6eDwYcHQsF9Byp0Jawq2uoW57nbrXHiRm%2BchzGbAEKRBiJUAHfk9DYJ%2BGmCyjia0Gn%7Ctkp%3ABk9SR5z-2Zv1YA
Stephen King Lot Bachman Books IT Paperback Hardcover Salems Carrie The Shining,29.43,False,https://www.ebay.com/itm/403589145822?hash=item5df7c9a4de:g:NHQAAOSw8SZiTtyB&amdata=enc%3AAQAHAAAA4IK%2FQ2AWHzSoe%2BaJwLBqeRnfjIbhDP6HPMSmsU%2Fz0GD9JCZ5pL7liXE%2F8FE5pkWlrytVZF%2FUhlNWV%2BEKqcqycE%2FQP1RJf8nB9i4Fi0qA3ysH0lVaRUfl6OuELbjh2QcIoAKqATzo8fsxqrNEOz4%2BHhkF%2B5kIaPsO1TGdldJo%2BZwtsHWNeRc3sA%2B8w9TcphrW2dXYXKQ9xv8eYRmBuXPiN96ck2CGX03gnmYdYlrscaPl%2FQ7NN6B0wa32hVN905nqfadSFrGtzv6o637k91rtU8Ar0ngS8PEBS3BAtu%2FFc6VZ%7Ctkp%3ABk9SR5D-2Zv1YA
IT by Stephen King • Hardcover • First Edition / Fourth Print • Classic Horror,29.95,False,https://www.ebay.com/itm/155186322726?epid=490966&hash=item2421d35d26:g:VNwAAOSwAdJjN4YH&amdata=enc%3AAQAHAAAAoFGf%2BU%2FI9dojW7Pr8hcoTZD07NL%2FdW1GVuSx9tkR2L2dg%2Bx1OHCIA%2FugVL5FThOHdyboHolDxHgZO8wUTp77qxWtC1a0lcRgp9dS4dJwEX6RQhhr0I9qTxjU0CyaH4vN9%2B2v1AWMpO2wtVnEKgv7yF9T%2BZ%2BmPssPTJDoDqt98WHZ%2FJNNkeS7vU2BZw%2BGdV4kxoJptj4GrrgXLtTglbV%2BU9k%3D%7Ctkp%3ABk9SR5L-2Zv1YA
Stephen King Book Lot ~ It ~ Elevation ~ Storm Of The Century ~ Cujo ~ 8 Books,29.99,False,https://www.ebay.com/itm/195318663848?hash=item2d79e64aa8:g:jH4AAOSwMSFjDmmH&amdata=enc%3AAQAHAAAA4Kc9YC5ozUJhdyTfcY33o91W5Jqq1v5i%2B32EO%2BcnDc6pAQ97dzCoFTdAOfv%2BfQ3Bae4YsEseMVft8Kl%2FWJ3zO2j3i7vPsUOGJxAph6GhL7q3maUQcDH%2BESc02KGurzIGWicLUy0Sd5l0WCmkzNpXiOiGbsdKa8vc8hxQVvtQZP8X3QyD2XhPo4BonyCKPlvTiGoiH69Gq%2BprZ0kjrn1N0UealultFTX0txREYx7tLfMkq4QpfrjJs%2BFPsNOOySumfvYC3KHCjGr9u%2BYk2e04OrAoMRAh5w5FQNbh%2BqgLjiws%7Ctkp%3ABk9SR5T-2Zv1YA
Stephen King Lot Of 7 Hardcover Books It Talisman Misery Different Seasons More,30.0,False,https://www.ebay.com/itm/385136305080?hash=item59abe9a3b8:g:ssQAAOSw1D9jMJBX&amdata=enc%3AAQAHAAAA4JEe9JhtZp%2B9uTPxTu2mafub4f25ukKD%2FK9Xkr%2FlOKsugbaKjiLdduIPQnm%2FkLEvPDNTNPRRpN1Q1jLqDd8Hb2m6R8YtVUbVg4DWvOsgcBRgjfqEdbSsw7eVdb%2FrgI0lCX%2BY7V02jBNGBfldvTZOdprE5CuI%2BJWVjFlbaAt%2FEnphrGGpydHN57SoxlG2hCjxJynrEhe4rjWKgCUm0aoKYTjtzQ2IdRv5E8YFA1YSwJkHFS82N%2F3JA8QtLm%2FiSEO37GwjLS0lKLZEhX2nmj2IPke33289a441b%2BUVvlM6m%2F3l%7Ctkp%3ABk9SR5L-2Zv1YA
STEPHEN KING SHINING SALEMS LOT DEAD ZONE DARK TOWER IT MISERY PAPERBACK 13ct,34.19,False,https://www.ebay.com/itm/374260307998?hash=item5723a7181e:g:AHwAAOSw7U5jJpsS&amdata=enc%3AAQAHAAAAoBwTAlluLpuqVfm7XU4fud65%2FJ%2BrtPPUGnuIuuAY9EOCi5IgqZ4xQ3bUPE1cY%2Bu4Yhl0q3XpIiX9liiCzEpViWwg18hd3sSOtuPHgDFD2xAtkL6mK6C9f1PTWEz3zsTJOY2%2FzAwz7uowEX5KjpTWxPhjgEijfYDYTzV8c9aVSfpJ2ePok9SXwahOb4aC%2F5MuLRfV287L8YSiZWoMjD%2FQAPM%3D%7Ctkp%3ABk9SR5b-2Zv1YA
Stephen King Paperback Signet Novel Lot  IT    Cujo   The Dark Half   Carrie ,34.32,False,https://www.ebay.com/itm/374274903785?hash=item572485cee9:g:JgIAAOSwnwVi0B7J&amdata=enc%3AAQAHAAAA4EVqkCnZFytZTRErmnxh4FyoiAIm72WNV6KIy1FUHR8k9K%2FNVUQYupsSBY%2BiRwU2GKTGaGPGsBFtrJJVdYha4FUsu58PYKHFodp3%2FkEfuiKRudr7gz7XrQLeRnhxDhEzY5SohL4ndPuHUKXGk6WJyP6PlbmLYjpWUvbU87LWXaPixdqGfA6xMurcXq4AUdBzWc1nZis1ntw1Jxmx6fXSDImked4czZqSa4k9IN4JaWyzb7O3BBGEHPU1MFUCBhgI0S8EA7jSlNQ6sDmNF3yKyjPiyocYTQuILCGUrqgOAk6K%7Ctkp%3ABFBMkP7Zm_Vg
Stephen King 10 Paperback lot It The Stand Shining Christine Night Shift Cujo +,34.99,False,https://www.ebay.com/itm/265897066098?hash=item3de8b33e72:g:mGwAAOSwiiBjK14k&amdata=enc%3AAQAHAAAA4MMYwz98rxNTiUcvz0XX4ArDp3WEycU5SDtY3zt0SPUjVhyxx6sMaCrhoO4KCbx7YOh8nucTh6TyHe9xFIihwT%2BX2HwzYOYZIhmMXJl7dbxsvg%2BACGZg19qVjCztd%2B8WJbKNC%2F3WJgO%2BfFmHHy5hFbDxJVWxFPct7vv66bvav4TjDqn8%2B95Oq88nDjQWZxWyDhnlWpI4uoYl6b8gaNrNHdsVH%2FqLRoYbu%2FCY5wDMeDWo6ZY7bdY4Rn0rcTiMCNz4%2FpAw9wpnFrTetfBhpoxPbuZO8IaQ%2BQxkMkWpJuvor6Ia%7Ctkp%3ABk9SR5j-2Zv1YA
It by Stephen King Viking Hardcover With Dust Jacket 1986,35.0,False,https://www.ebay.com/itm/295245335662?epid=490966&hash=item44bdfe4c6e:g:tkkAAOSwGnhjNbXn&amdata=enc%3AAQAHAAAAoP7YXTROkf866NtknqM7Osbqm3%2B7zJfNsYyIV0%2FRGgHRvaxCE2GVNDtpzC0QZ1i8XVB87NJel4rOGt4jr5qgIPtS%2BQCB4t4Gt9Kwq4jSpgVDp7%2ByZ0MEQEQ%2FnC3N3SzJhVmwgnkZ9gVP%2FU3ASMHt2NmOZ25PnJgYV6dyhGRWb4lVRGZkqtITjc6MzH%2FONdL%2BVhJfsC58jUww3JdpwqdQxwI%3D%7Ctkp%3ABk9SR5L-2Zv1YA
"IT by Stephen King (1986, HC/DJ, 1st Edition 1st Print), 1st/1st Hardcover First",35.0,False,https://www.ebay.com/itm/275425137161?hash=item40209e1209:g:XBwAAOSwP5hin8jh&amdata=enc%3AAQAHAAAAoApZUaKYL6%2FBDqZ89gVtHN6aHMA%2FjDwURH196xh6KEiPD51UcR4qETsT4k7p%2FVWFF%2F7urvj3kCdQfxEcmXOoqGBXHnHgyGEQuWVFg43B1ZKsnVo64%2B98lnaDTin1fXmUTohRoYZpw6bm3c947cu%2Fz8q3uiDUPcVbJo9%2BKQpZ%2FRLi4uLHGUdr8SgKVRzgbKBcAROUx5ldokC6nF4R7T1Y28Y%3D%7Ctkp%3ABk9SR5j-2Zv1YA
in Ukrainian. Воно. Стівен Кінг | It. Stephen King,38.9,False,https://www.ebay.com/itm/255753918731?hash=item3b8c1f190b:g:g5gAAOSwyA5ipy4m&amdata=enc%3AAQAHAAAA4C%2FlWYUo0p1vVdy3RFK8alwADhLEHsZ8Js%2BCczMvuSJrZQz1gaYaH7oHyqxDsEOfCCRF%2Bt0QbrNOGnm4RgMAPKOymR5wDG9JxLnEXKsS%2F4zIPkCKSbcQw7yPx0zarf8%2Br0QQ72oTe2mOLHeGxDDkPyOX1Fo2MwgZ5Y4dmphTCfuhvU09YhskEz9revcbEZnL2O%2BnAdtIdOexXVOiUCpzvk41jnq%2FzzOndIEZ4zPglzFHEIHA6AtHy7JorYJaGvPZNsoOvxWHoN%2Fde0Jxz4JFLu5%2FORF0AnuyEoaaUWagO0Xl%7Ctkp%3ABFBMkv7Zm_Vg
Stephen King Book Bundle X 4 Night Shift IT Insomnia Nightmares Dreamscapes 90s,38.96,False,https://www.ebay.com/itm/175436599141?epid=96450742&hash=item28d8d60f65:g:qHsAAOSw3ENjO396&amdata=enc%3AAQAHAAAA4MsBDJ6xyEqhukDMLmyVf5Lo739DrC0eOTAwKSDfw1dhfukd5zFuscL7ife0A563zMGvNMHEp8ag185dHhfa9ERebsPerLrxckxCsSqKZNByH7Qtpri%2Bf0QGi3PXLpCi4xJJoM0HxKQOFN29cz3zaCCeNgc6Wh45u8Qyq5Ai23WHjaVfiSXAs%2BP6ybFVYpuu3u6Zf7HAnS5m9k8uaX7PlgVRomKnnWZeKQGe6eIhd8IldEsgGdwmIgVvz1uglWbx4hXvzKxoS2aa8y%2Bi%2BxdEjMbB8vxe4zSvyuH3ujgUyxOx%7Ctkp%3ABk9SR5r-2Zv1YA
"It, Stephen King, hardcover, 1st printing",39.5,False,https://www.ebay.com/itm/154783641860?hash=item2409d2f104:g:90YAAOSwTV5h10oy&amdata=enc%3AAQAHAAAAoMB7vDVjQJYvmraQ2hWJvrdK%2F%2F%2FQ7SOCmeq4IoRz96A6H7WD5XEUGtCKySKBb44lKxozS%2BwOWuLp%2FSZwgDC9mtjttjnXFc0mN5K1oHAG3%2Fy%2F2KSoFaFj0wLx1TVjxHUu9lC2g%2BdgksIPZLpewdaXWhEFBsheOPxr5Q93x3MPpZora3oH6SAWJzB3GvTPPKJMF14wVcx%2Bxb6X6b%2FvKGhIHiw%3D%7Ctkp%3ABk9SR5r-2Zv1YA
"It by Stephen King (1986, Hardcover) VTG Free Shipping",39.99,False,https://www.ebay.com/itm/354143235912?epid=490966&hash=item527494ef48:g:vysAAOSw8qpiSblR&amdata=enc%3AAQAHAAAA4GnERnTN%2BkhQHOZPkYknc4dXqdsVN%2BNjEJT32SUdUAmvKYpQmHt0FsTzH0Xrm7hH2avHQq78%2BZhJzBXhGZW9D78WfK8XWYqr0J0F8%2By6F%2BGaHgNTpUuugf9%2Fcr8gKSmVdyA24vecth3q%2FB%2FUj6Ut%2FqsK%2F3Cgfp1qJOskHSoe9myUineun%2BuAkw9ZyuoMYMDoTdK%2BqYIi96TP1dfkK%2F12xopIgawhDedxj629L4TxTC1L%2BSPrYVIKFQevJnPKFXCmkSnaneA%2BgYVhMBsPuXiTsCFGjKd4I1GWvUYHcoZ4VUzV%7Ctkp%3ABk9SR5r-2Zv1YA
IT by Stephen King HC DJ 1st Edition Acceptable Condition,39.99,False,https://www.ebay.com/itm/313816827369?hash=item4910f0c5e9:g:nisAAOSwnjlh0hp1&amdata=enc%3AAQAHAAAA4DZZE8hynOWBA6XVIdXNzjTQXsTBk29KX0fg9X4FZZk5qg8SXbOlHYsqMjH6CzRuSiK3W%2FTNktf%2FwB4jTRRvxSjsrdhWWtyz6e86A3Oaf%2F8dFrXRu5Rc4j4LHPWfsZ4cW%2BowXs09G6ebEp%2BIESvkPO8whpyg65in6qGL7gxDN3ihTH8CJM4cL14rvDulPbiYSB7nPxIgJRn631e%2BSpo2gni61tWPpp0VK1KedYD0zHYDsJ51WQz6diomwHkGklbAknkIj9cp%2FQv%2BkNT4fmng8wgX8M154szK3QBOjQ7TKMCq%7Ctkp%3ABk9SR5z-2Zv1YA
Stephen King – IT – True 1st First Edition 1986 Sci-fi Horror ,40.0,False,https://www.ebay.com/itm/274925668925?epid=490966&hash=item4002d8ca3d:g:D6cAAOSwcn9hK87G&amdata=enc%3AAQAHAAAAoA1HAzJWE54VKkkH5X0Wab0gip1A6Z10qa9vfVdXVhQ8Z3PMp7lhLmxAGOle0aYd43tGWrwEU8IcNzugbNvhPE2ojjnmRKqpHsPkOPxkjuez4bLlYTfsCeTN4YKdDdh7KjRBE0xexUdCyFHlfLgGFxDz5e5uFl1ZIMSlWnHOeUC1p%2BE7ELpMAb%2BGxzWlFUnEeaTBtpX1j0E5Drb6oVJrMwg%3D%7Ctkp%3ABk9SR5j-2Zv1YA
"IT by Stephen King (1986, Hardcover) -1st-1st- VERY RARE- VERY NICE",42.99,False,https://www.ebay.com/itm/165676071660?epid=490966&hash=item2693103aec:g:N6cAAOSwV3RjIhE6&amdata=enc%3AAQAHAAAAoJy8jamfWYiK5GW4bciuFpPP38IMZGCdjN6CQ5LUGijO2Mp8yLcPIl07BVCota8GhSQc8c0NLiMLfYenKNwPFiGat7RZHqxYBS2PgAssJMgzWWYs7RKll7FNsc0qDHhrdC7%2BW4mafghIZc7u9U4wtSYKuLnG%2BC7xaLGwL0Jiy3iPTbo6Iwj%2BGwjMhwXrS%2B1WDrTnAxH4v6UvBTolbETNP4k%3D%7Ctkp%3ABk9SR5T-2Zv1YA
"IT by Stephen King (1986, Hardcover)",43.91,False,https://www.ebay.com/itm/325368226459?epid=490966&hash=item4bc175229b:g:qbwAAOSw9KZiS8Y8&amdata=enc%3AAQAHAAAA4B3AIeqTXUVQaUbBn0e7lpme1euuo7BZEjIJvPhXPdyq0FlTdqcyO%2FNAEAuFjqwLT9eSOXnuR6bxeWumGSs%2BBkAGY0%2BVAJud2d%2BSVRv%2FYekd7sRNAl1e936CKUTK9ptEcrihPWWGb%2FKypG7cfbR3ysqSECFaKhsmT8HrW%2F8KoZFDXkgT2b03U4URV1ZJXIjd6mxGW3iXZoON1%2FCVgX7pI43WZCDclxIfaq1sWJMIIk7a%2BKUOqckUCMJ%2FZzAKt4XdrMqUetOlyr1sWJsbaURZLu2Be6WlWbQZYR5tAuLO2fZt%7Ctkp%3ABk9SR5r-2Zv1YA
"It, Stephen King, True 1st edition hardcover ",44.5,False,https://www.ebay.com/itm/154898641091?hash=item2410adb0c3:g:vzQAAOSww0JiLyYM&amdata=enc%3AAQAHAAAAoCfj3BjuBLBe53Hni6EF0c%2BLB7OPin2wx9XWm4p%2FhNWSd1l%2B0geNsmPPQBuu71EjQirm9vdjCUhyWoTAMjyVFQ5GBdRQg52Ty6j%2BKeE3CpZI45jsudQwLRJBJz7hjzw%2FSPTtMyhjcSMieg48AkvzrGT9BWRG7DjNfsg%2B%2B1jp03F%2BmQvQBFE%2BAoQ6FCEjMnQg8Ci59y3UULFale880l79T%2B0%3D%7Ctkp%3ABk9SR5j-2Zv1YA
It / Misery / The Tommyknockers Stephen King LOT x 3 Viking Putnam BCE HCDJ,44.99,False,https://www.ebay.com/itm/134218615547?epid=0&hash=item1f400d8afb:g:q30AAOSwgzxjEiEV&amdata=enc%3AAQAHAAAA4PKiu0KGiYWkHh2L6LJRc4Qjrd2IBZSt3EeWmek4mnixkp27ENZFNfGGm8gwvAawGdLJooTVtjK8rLhLV0P%2FUPp6Yp9as3e89SJR4esOuwTw8Fcdixhi5t21ylqHlE8wM9fr%2FQjQV1M0Ff4ocukfQJG%2B%2BdqCd2AEg%2BuwG2TshwQYE07ikjlqJaDw1vqkG%2BtRB5Mhw9H6P7pyDaXI7Hz0WbopyLHhBlZOuNPweOskT8FyTUEAt93IXdoGeq%2BmyZ2nk0mEs04WodPT9SLTGs%2FD9lVzXolVckLVWEOPh%2FDFrZnq%7Ctkp%3ABk9SR5T-2Zv1YA
“IT” Stephen King 1st Edition 1986 $22.95 Viking Hardcover HBDJ CLOWN HORROR,45.0,True,https://www.ebay.com/itm/165706652808?epid=490966&hash=item2694e2dc88:g:0nUAAOSwZ1NjAUfH&amdata=enc%3AAQAHAAAAoPlQ%2Fz1RJdjvTNnOuItiJ1Av9gJvI7GhvN%2FhaA5oPI1le3VxItdwkkM7bZdc6APdbeFcfT%2FqW3O1K9AEiE3VYJQoElpANq6pFCmGTKZ1kGsH7u7d7B2DnzPeAk%2BBHRe8LVydVzBi8EPnaOw7i9M3qKcP15MENhKMHkcR2vR5bE2Tn88hQxTJCEQF8lyH3OLtUq0ZoPm7mIAzLE91ITVKQe0%3D%7Ctkp%3ABk9SR5b-2Zv1YA
IT by Stephen King Hardcover 1986 w/ dust jacket ,45.0,False,https://www.ebay.com/itm/185577691604?epid=490966&hash=item2b354ad9d4:g:NaQAAOSwanVjH43l&amdata=enc%3AAQAHAAAAoMc8ZTjv90kGtsgy1yW8W3jCfB%2FxV9wnhfwtJhQaloi%2BToXIMCsKruLKya4p7yIu0uL%2FeoIOe0xrXYVz%2BohoSB3KOBE8omIYTQyCkP%2B%2FIWIrcEyG7jxLSTkA6zJpffyRtBAUx6q%2FImd6srbRXLX7yE2XK8VCYyrJ99yQkFShlcb81nkivvUmFF9KlTIZ6leD668Zh%2BxLTzh6zGyjtkv%2FQx8%3D%7Ctkp%3ABk9SR5j-2Zv1YA
Stephen King “IT” HCDJ 1986 First Edition First Printing Viking,47.5,False,https://www.ebay.com/itm/294992075865?epid=490966&hash=item44aee5dc59:g:DL8AAOSwqB9ig7aa&amdata=enc%3AAQAHAAAAoPAU3cmY27Y4b4l%2BpwBSs6%2BrH3RUZxWa84PTYtmb9d1IOaI65fWV8%2BR5kQTF68QEUAM8uZ%2FL3bED8hhlsB16X9CbTm24FHCwhSAn4MpOl4nqip5hPa3BVsQQwVjZdGpMS2yHh9nfY%2FomvYGlzbfz9dm%2FKX8TTeZFomMXKcc530hGWFfRYhYOH1fXgo7hTy4Y5Y7obzfOFj2VIpLKK5VPSyY%3D%7Ctkp%3ABk9SR5j-2Zv1YA
Lot of 23 Vintage Stephen King Peter Straub Paperback Books IT The Stand MORE,49.99,True,https://www.ebay.com/itm/165705472271?hash=item2694d0d90f:g:x8cAAOSwtcNjOfHC&amdata=enc%3AAQAHAAAAoKobSwD1%2FQq3d%2FM7itnlS76ad0LdwV94IlpW6bYsOn3qb%2FVI7%2Fu8f0L08WGY7s2Sf9p7w6kLKtOjaEEJrvIx9pDGaAiYByW3ycHexqlvEzm0voD78TRqAT8La5GC7XFv47dvkJZM8o95%2By0CKpEwBlm1%2BwM5X3jQ6EHyfFHpXXxb%2FE02Ly1NL0UTyro0slLP65nLqZQTEFPitVUxkW5DzvY%3D%7Ctkp%3ABk9SR5r-2Zv1YA
IT Stephen King 1986 Hodder & Stoughton UK 1st Edition / 1st Print Hardcover VTG,59.99,False,https://www.ebay.com/itm/165651589762?epid=1000220483&hash=item26919aaa82:g:mUoAAOSwJTpjDktd&amdata=enc%3AAQAHAAAAoMBHHuno7YaN0V2SS07hn4v2Ev4PqDk1kGxyGvMF0dBhUhwVC55TJ6AyHZ%2BJxC%2B%2BQv4ftrexxnqI8q89%2FQ1WXMFD%2FXhI4ActyQAKwZiJoEyLxkS9xL11Qh487iBqBIaFQR9tqvGUTGxzMaZK9p2Qff0WmbpdCl2DOWgwakJoxEJSxmTfKfnfgIDMdiCye2GS%2FqlUaffDr3VZ%2BxsYJZmxtCg%3D%7Ctkp%3ABk9SR5L-2Zv1YA
BRAND NEW!!! Stephen King If It Bleeds TRUE 1st Edition $30.00 SCRIBNER ,59.99,False,https://www.ebay.com/itm/284976334150?hash=item4259e9c546:g:wbQAAOSwB7ZjLKld&amdata=enc%3AAQAHAAAA4K%2BtFOKkqfddN%2B5%2FvT37aO8e8H81PRtSNTEC7fnEpoYDS5%2FuvO2f72WD96vCdtVjEtn055TkCahZertf5ogHg2jQvByZe%2FeQkUggGz%2BULFY6jolNRHwc5lhwNBzy1o1IM7UTv5c7tyh5nuEc8bbVyK1YQHLQ%2B2zHvpJvIKWhziVxUtNqoh1rQF7JiLklnSzOxKcAdGKaNFI1ki%2BaAZqPOxLMizlerLRuNMDiANthKPjM%2FznKrSg7Hw9rRQc7%2BERDczlAJwA9sVHniztT4SOdeFfjfPxwJFwyebZokc%2BjDUd%2F%7Ctkp%3ABFBMkv7Zm_Vg
4 UK Stephen King Hardcover Books DJ EXLIB Outsider IT Wind Through Keyhole DOME,59.99,False,https://www.ebay.com/itm/194274813119?hash=item2d3bae64bf:g:xtoAAOSwPXpi-BKC&amdata=enc%3AAQAHAAAAoPPGRoOe0Rift%2BVbBWlRKdLd7QqkSPmNXX9ATFB2DU1KeA1sf0iExjmYfGBcB%2BenWo4UfVaEPYL3VoAn2ynhRN1Qm1Ycy%2F142aAJvQzWofGzWQ67l2Do16PiV39prnkppTorjuGNod4N6EzuM%2F06tXsP5alUpcGNjfPgxbk3Lavo2SS0Hr7wF4UG13v176OnRGxDSeGV4zhldOFSabZgc6M%3D%7Ctkp%3ABk9SR5j-2Zv1YA
It Book Red Leather Hardcover Deluxe Hardback Stephen King,59.99,False,https://www.ebay.com/itm/225172585926?hash=item346d54fdc6:g:LmoAAOSwRUhjKyes&amdata=enc%3AAQAHAAAAoDKLxx1vo6r4EHiZUYxqfxPwD3ihug3AQG0hBofLDOJDPNKngsPzVRzuKC4Uw8r28RZBAdRxJwe6b76dqnd4AHcJY4DRSHEgtWlUzjj5W1vh1fHs%2B6GR%2FpKf1busHZR8MnIl9Oy3BgUCxXsOBUSkBDFb%2FsB1A%2FmTSm8ktOf9K68KVApueFoILrFE6DWgMJIZvLu%2FzG7fSuuP2lA5yAeIFMw%3D%7Ctkp%3ABk9SR5r-2Zv1YA
IT Nobel Book Stephen King 4 Volume Complete Set Japanese,64.99,False,https://www.ebay.com/itm/133683810708?hash=item1f202d1194:g:F2EAAOSwIStgQm8I&amdata=enc%3AAQAHAAAA4FWqXIY61r5fEfjIQ62Fxdu0B1zii6KTDGSQEaC11Hm77eQuD%2FHnBdbpZKN9GsXbnqJXbwOJOICccKmj%2FpzZSoG8qh3PlFVtxsT%2FvCB7XuliQwrn1Dyk0vVO1OPJJH%2BMCnwMowOvBg%2FrrDSsqwrdUR1lGm16BHtSM1KkZILR0pA7mYlqwAljC%2F0OjBN%2BROCkCf7x4bsM5JRi83Lq6raCyD0LepsyAzbLliKGUCFC8%2FD2ABq5xzDNNFHh7IgOQ1eeGlODi8Y1rdp%2BZTrHsGMIepb%2FdqgYOoc92PhBWE0hBgmT%7Ctkp%3ABk9SR5L-2Zv1YA
"Lot of 2 Stephen King 1st Edition, It, Tommyknockers",64.99,False,https://www.ebay.com/itm/275467096866?hash=item40231e5322:g:8s0AAOSwzdxjGhuQ&amdata=enc%3AAQAHAAAA4FVx9tAALY1ar51MXqSpDrEJrc81Qkucua%2FKrPJ8GVQ2RMTW3HWfGz3UO7X%2FZ7MWFR2esEGX5SKtC%2B23FedDgau0%2F%2FwfDsnbJns0i%2FJ8Dw3Niqc%2FHoI%2FjkpTAF%2Fr47RowxRV4UpVTk7otmeAHHrziIJQGLvXwTVLe8WVO7GuYIEYQuFmmdm2S7masO9PaB6GQuHE4T65auCfQiysBM74GQTOIpR6AFW7vQB0xxIYk1wdW8M2MGyU%2Bl0jb7HO4N5XXkLN3J9WZFIZBu6B6NsJvHXhbgnzuqxBJsVc2Y9sk8%2Bf%7Ctkp%3ABFBMlv7Zm_Vg
It [Premium Leather Bound],67.99,False,https://www.ebay.com/itm/304623218506?hash=item46ecf56f4a:g:I-gAAOSwoJNjGJZL&amdata=enc%3AAQAHAAAA4LCv%2BH5%2BNok6u7A2ntE8ZjTLgEr7jti0XhM9RKnATNqIbuv7S3JQ72E0mRb5mE9nb14l7GhQ3cSlZyFKRbaP%2FdPcM8o7rU5BIG2WoXaGCJd%2BzY9oDsSPdQ3IKrff%2FkkQxi%2BsAN4rBxZHTAL33zPb8ISOMOVOHjgno2v92stn6u0cJVPKsLMyFn%2F1vaeQwIXzWRLSFWG08A921fo2cv%2Ff%2BFe3cjUk3A00V4of63XfrBZBRIPzZ6HT1JDSYIZJCpniXj9e4CmI9s1QlGjqcS89wsRRVEoTvlYVk%2FAL4sArj%2FPl%7Ctkp%3ABFBMkv7Zm_Vg
"IT, Stephen King (1986, HC/DJ, 1st Edition 1st Print), 1st/1st Hardcover",69.99,False,https://www.ebay.com/itm/185587359656?hash=item2b35de5fa8:g:I9kAAOSwcHRjJ8gi&amdata=enc%3AAQAHAAAA4JxREuNPK1FrnbVB2ECLG3Y7f7itnWryWVyfdddNuFJ210ncmYdf6baY8oid%2BypSwE7iPdgX3ge6HLVN9654kfBinlf2BI7BkUdOf%2F6jWmvidMPzOfw3UPy6Yw7zkUX6vbuQtBPJ57OLh2IUCfGhgDz4pVmD%2FhcE5UJGcHE%2FtFRZ8K4MeOpRjZgDx7ZeHPIMF9DLmFBt%2BJ%2BoYbduFW%2BLmoe3qr5Sc4GcJwixe7D%2BZqruZLY8a6PwuHx45yTBuMuF6pq%2BuZxO2J0gARQ9zhQ5FJ6LJiaexLjWnWX%2B2VT7QN4l%7Ctkp%3ABFBMlv7Zm_Vg
Rare 1986 IT / Ça by Stephen King (1988 FRENCH translation) HCDJ (1st),72.82,False,https://www.ebay.com/itm/165648510036?hash=item26916bac54:g:FZkAAOSwG0NjC5bX&amdata=enc%3AAQAHAAAA4OnDF1%2F0ig0N9isx5oxfJLm8UefpNQx86GtFe5zHjUVh2JgJzzhVZ6Wck1oGLy00P5OIxgOK1i9h%2FW%2B8tgsCOZ2%2BInWH%2FSL6J5yx4F8MOaPozegZLE9qjfSaneQZ4kakGPIjIRWzHThh1s0k%2B8uhDVTJHZdP6qvAYJ3MTvbVJqF%2FF0tpaeeNeVAhM%2FBD2QCAryZux1hfKgRpzo5Z%2BmabPQnrlAS3hbH5QiQrULGLEolVHu00Pq4hkDrervkspcT2m8nAByqym9SxiRW0G5Oj0merqAjQeIQVtqKs4%2Bz6i5C6%7Ctkp%3ABk9SR5j-2Zv1YA
Stephen King 24 PB books lot Carrie Stand IT Misery Hearts Green Mile Buick Duma,74.99,False,https://www.ebay.com/itm/204037304042?hash=item2f81922eea:g:YxEAAOSw7-Ji0E61&amdata=enc%3AAQAHAAAAoIvO%2B5OoZtOlwuj6jgMd8wpfu%2BQvp5nfy1793L1nKEx8Z2Ix%2BInkuhIrff809F5BlFaxAaGxjeBlqVRkls3XXP5SAbZ%2BaFVJ2id4nIRhiQRsWyVFK6yxEYFkWX3bWy5uSCmFO0s0g6KpZ61rCSKy%2FBc4jmn1DLOlOx%2BGSA044ZQIt3ABz%2FBdQObkBIWq0lUCTptuv40xRZYFrG%2B153ln%2FN4%3D%7Ctkp%3ABk9SR5z-2Zv1YA
IT Stephen King 1986 First Edition HC/DJ free S/H 1st,75.0,False,https://www.ebay.com/itm/144691347675?hash=item21b046c0db:g:BW4AAOSwbvFjBVgs&amdata=enc%3AAQAHAAAAoBV1Yuazqvl5udsDeO4OxuVT7gtlMpzIN1rdJkINz4vJ%2BK0cNatGRKcp86TJYnmueSXZZ%2B7NS2rfAm%2F1YE4gQ1RUlK4c35DLW%2Fg9nMcYbHqEcLnXExDuiU7Upp4uIXEkVZJlM2T0Qxny6HhQMGETebhcqXelRrxrkqbhn8Roh4TnKN%2FQ5Nq5u2ANE%2FUdpGyvqrbRofdUrEXWsu8K0lusgN4%3D%7Ctkp%3ABk9SR5b-2Zv1YA
IT by Stephen King Japanese hard cover Part 1 and Part 2 + Dark Half set Novel,100.0,False,https://www.ebay.com/itm/175428770862?hash=item28d85e9c2e:g:s1EAAOSwBK9jMUU3&amdata=enc%3AAQAHAAAA4Np8nUtCaggPe1oLxsVEB%2FZv%2F6MnRpAymOVzB9G6Hjle6ne%2Bgg9VTLGMm%2ByTPY8xQ4cYYz0A4YSZyz1VB2N1m5MWuuuDXB24wK%2F7Cs8oez1uZ3QGqYtLNPJLnv%2BdyRKcb5GOt02TTExr0sOijPba7483U4oTvbPlalW0abfxYpYLSTjfelUj0rU4jK4c77XbpgUltxshU1VYhLkUAU8WVIyAN11oqA97KTFwWLmnWIwVJpDz1Xk7jkcsbNcLdRCdclc4BxEx0NO%2B48AXkL%2FsQ0nTR8qnMCvfH72vf%2FhffLs1%7Ctkp%3ABk9SR5L-2Zv1YA
Stephen King 5 Hardcover Book Lot 1st Ed Talisman Stand IT Skeleton Crew HCDJ,103.64,False,https://www.ebay.com/itm/155190262879?hash=item24220f7c5f:g:xaMAAOSw~tVi~n9m&amdata=enc%3AAQAHAAAAoMPJa1kAxjXdthvbJTkTcqMIVO0IjhtTEAkmdxv%2Fz9O0HAK7p8WizMFRrPGblsr%2BDBf4riN9Iw9%2FqcfKfrLBHfZqHrZKzARfe5KwRzxMCziyiTefPvMzhYMyDjrvqs85%2BwhdlGH8U%2BIB7zAqh4WY1rcQhTV3kG2w5%2BWkyIPSPeQC9kYPydF696GLfwe2tqWTC0pkCJ%2FOv6a%2BzkklDv9sQtA%3D%7Ctkp%3ABk9SR5b-2Zv1YA
VINTAGE SEALED Stephen King The Shining Hardcover Book Never Opened 1977 New,125.0,True,https://www.ebay.com/itm/125543280810?hash=item1d3af670aa:g:X~YAAOSwRUhjJ7ym&amdata=enc%3AAQAHAAAAoI5Z4sVd3ieYGSa6tGrlbkeauYq13OKczCxAUT5VtsFj3ZM51hDCZ4AAcBMPekFDYgw53aL48vwfKY44DFyYWff%2B0KUHiduZvEpuOaNYWO0Y2xMOCnTopLyQZSJYYqzYOU396Mobmf%2B9V%2Bbil4xJa%2BwwSNhgAyIo%2BJBTExYswmfXWXRh8WCGw9Nj%2BgjQOybXe84SFB0CyOAI97qVsOAa258%3D%7Ctkp%3ABk9SR5r-2Zv1YA
Stephen King IT Hardcover First Ed First Print Viking 1986,149.95,False,https://www.ebay.com/itm/334431549995?epid=490966&hash=item4dddac7a2b:g:AiUAAOSwEgFiABI0&amdata=enc%3AAQAHAAAA4OMwV1jGnZhu7uELtocy2EjMUc9LNwLnQOvIqkSW5%2FgzKS4iK%2BEdesZYn1hFLq%2FjY9gP%2BfFO2lavenmNsu6x0YStFrbRe4xa95y2iD%2BmCVovGfjpw6OhkixpyiDPBI58fQZmN0T0ovLFM%2FTy%2F0B01cOKTt6C%2FNnn7ZcNzTgSLNmE5R9GqUgrg0cqp%2BlG7mJPkcdkOTWKVCRIVNo3uKEreFROUiutWvf0nA%2BJHwAdmTtUt3NxQjELqo4faV665toD5XL7w%2BUbZ%2FK%2FcOhSdcdRcBQ%2FLIi%2B4uRZK%2BcGrMxJrA0t%7Ctkp%3ABFBMlv7Zm_Vg
Lot Of 6 Stephen King Hardcover Books- It The Stand Pet Sematary,169.99,False,https://www.ebay.com/itm/144728901328?hash=item21b283c6d0:g:7EsAAOSwE6BjK1IE&amdata=enc%3AAQAHAAAA4Acj8YqhAMKZSLcSDTCXJ4sPDBqWC7JPFLLXuc2D3ZWtjf5t4zceuW0aKETOhmFqC4DyK%2BVUlDK5StBlajNLAOfa3ikbf1%2B95TABNrdt8PYwqERPHD36QqjsQYWzJ0yjs9WxwWGKdTtCTrdYnm4Tn8McdMuSqer1RqJJ24Jln64Ruf0N7O0wGlEjkSBKQYHU85p5BfdXfP1Ewzxocup7OB4IRsNyMlt5gXqO4VvA9O1tBdd2lJ8nYQuJSFP5XJjeH1JT49wVl9XyFINRNl8ZSyrlPGLrY5v%2BRG7Hp0eV5%2FVi%7Ctkp%3ABk9SR5T-2Zv1YA
STEPHEN KING ~ IT ~ A NOVEL~ FIRST ED ~ LIMITED ED SIGNED DUSTJACKET New HC Oop,189.98,False,https://www.ebay.com/itm/202533962750?hash=item2f27f703fe:g:0B0AAOSwHt1bxMKd&amdata=enc%3AAQAHAAAAoA0vlJIVklYJrZc0T3%2Bp2VsIIyiEsopxl%2Far2kjqv07L6q7tdESDfW9LCTmiR3KyrjEOBK9SRR79VDl3EhAFp2oJZ9qTMmmSEmkaNjIOmagmJCjjZdOYUMyCfKPoLmR14LqnYaLsqAXO0Ltt34w00Tz9PJS3hKG5Sw5OTtNMsYR6gvI8r%2FoU0XkK8rvjoMxQMv6HiGMOGYw0ZoJ78k0dBnE%3D%7Ctkp%3ABk9SR5z-2Zv1YA
"STEPHEN KING SIGNED AUTOGRAPH ""IT"" BOOK, NOVEL - 1ST/1ST FIRST EDITION/PRINTING",3499.99,False,https://www.ebay.com/itm/124292049986?epid=490966&hash=item1cf0622c42:g:HOsAAOSwL1pfMDs~&amdata=enc%3AAQAHAAAA4MExsbXR9ExQscEfvlV0LLAeKNMwR1U0wNZNp2m7sbWv4HXeonUUOD7p4cRLFRROr%2Ft%2F98VyTH1LSpvN5AYSbkX3Atym%2Bi6bkcQcmEdGtr9E0JAEwiy0qeIn12uAZ9e80TYU8b1USd4AZe2X6IQcLRgJxqtiNe%2BcrhT%2Bxa4FA0YUl2x%2F4%2BYA11%2Fdn4fPNfjEvmbt29%2FYF51uUO0fnwWkpg78EsumJZfke9o3rKxp%2F9%2B1wCAb6SBVzXHoC8l4C0uR8Jr36%2FKaH%2FHbcAPW0F7jXSOk3gIeCIo3n7sb0I7Ey08H%7Ctkp%3ABk9SR5T-2Zv1YA
